{
  "training": {
    "best_epoch": 12,
    "early_stopping": true,
    "early_stopping_patience": 5,
    "stopped_at_epoch": 17
  },
  "metrics": {
    "accuracy": 0.8782051282051282,
    "precision": 0.8398268398268398,
    "recall": 0.9948717948717949,
    "f1": 0.9107981220657277,
    "auc_roc": 0.9682390970852509,
    "specificity": 0.6837606837606838
  },
  "classification_report": {
    "NORMAL": {
      "precision": 0.9876543209876543,
      "recall": 0.6837606837606838,
      "f1-score": 0.8080808080808081,
      "support": 234.0
    },
    "PNEUMONIA": {
      "precision": 0.8398268398268398,
      "recall": 0.9948717948717949,
      "f1-score": 0.9107981220657277,
      "support": 390.0
    },
    "accuracy": 0.8782051282051282,
    "macro avg": {
      "precision": 0.913740580407247,
      "recall": 0.8393162393162393,
      "f1-score": 0.859439465073268,
      "support": 624.0
    },
    "weighted avg": {
      "precision": 0.8952621452621452,
      "recall": 0.8782051282051282,
      "f1-score": 0.8722791293213829,
      "support": 624.0
    }
  },
  "threshold_analysis": {
    "0.3": {
      "accuracy": 0.8493589743589743,
      "precision": 0.8070539419087137,
      "recall": 0.9974358974358974,
      "f1": 0.8922018348623854,
      "specificity": 0.6025641025641025
    },
    "0.4": {
      "accuracy": 0.8653846153846154,
      "precision": 0.825531914893617,
      "recall": 0.9948717948717949,
      "f1": 0.9023255813953488,
      "specificity": 0.6495726495726496
    },
    "0.5": {
      "accuracy": 0.8782051282051282,
      "precision": 0.8398268398268398,
      "recall": 0.9948717948717949,
      "f1": 0.9107981220657277,
      "specificity": 0.6837606837606838
    },
    "0.6": {
      "accuracy": 0.8862179487179487,
      "precision": 0.849015317286652,
      "recall": 0.9948717948717949,
      "f1": 0.9161747343565525,
      "specificity": 0.7051282051282052
    },
    "0.7": {
      "accuracy": 0.8926282051282052,
      "precision": 0.8565121412803532,
      "recall": 0.9948717948717949,
      "f1": 0.9205219454329775,
      "specificity": 0.7222222222222222
    }
  },
  "timestamp": "2026-03-27T21:19:55.031860+00:00",
  "model_path": "C:\\Users\\chath\\OneDrive\\Documents\\Data_Science_Projects\\Chest X-Ray Classification\\models\\checkpoints\\best_model.pth"
}