{
  "metrics": {
    "accuracy": 0.844551282051282,
    "precision": 0.8020618556701031,
    "recall": 0.9974358974358974,
    "f1": 0.8891428571428571,
    "auc_roc": 0.9500000000000001,
    "specificity": 0.5897435897435898
  },
  "classification_report": {
    "NORMAL": {
      "precision": 0.9928057553956835,
      "recall": 0.5897435897435898,
      "f1-score": 0.739946380697051,
      "support": 234.0
    },
    "PNEUMONIA": {
      "precision": 0.8020618556701031,
      "recall": 0.9974358974358974,
      "f1-score": 0.8891428571428571,
      "support": 390.0
    },
    "accuracy": 0.844551282051282,
    "macro avg": {
      "precision": 0.8974338055328933,
      "recall": 0.7935897435897437,
      "f1-score": 0.8145446189199541,
      "support": 624.0
    },
    "weighted avg": {
      "precision": 0.8735908180671959,
      "recall": 0.844551282051282,
      "f1-score": 0.8331941784756799,
      "support": 624.0
    }
  },
  "threshold_analysis": {
    "0.3": {
      "accuracy": 0.8141025641025641,
      "precision": 0.7718253968253969,
      "recall": 0.9974358974358974,
      "f1": 0.8702460850111857,
      "specificity": 0.5085470085470085
    },
    "0.4": {
      "accuracy": 0.8349358974358975,
      "precision": 0.7922606924643585,
      "recall": 0.9974358974358974,
      "f1": 0.8830874006810443,
      "specificity": 0.5641025641025641
    },
    "0.5": {
      "accuracy": 0.844551282051282,
      "precision": 0.8020618556701031,
      "recall": 0.9974358974358974,
      "f1": 0.8891428571428571,
      "specificity": 0.5897435897435898
    },
    "0.6": {
      "accuracy": 0.8541666666666666,
      "precision": 0.8134171907756813,
      "recall": 0.9948717948717949,
      "f1": 0.895040369088812,
      "specificity": 0.6196581196581197
    },
    "0.7": {
      "accuracy": 0.8573717948717948,
      "precision": 0.8195329087048833,
      "recall": 0.9897435897435898,
      "f1": 0.8966318234610917,
      "specificity": 0.6367521367521367
    }
  },
  "timestamp": "2026-03-27T16:19:12.947499+00:00",
  "model_path": "C:\\Users\\chath\\OneDrive\\Documents\\Data_Science_Projects\\Chest X-Ray Classification\\models\\checkpoints\\best_model.pth"
}