{
  "per_epoch_history": {
    "epochs": [
      {
        "epoch": 1.0,
        "phase_index": 1.0,
        "train_loss": 0.2627050262058805,
        "train_accuracy": 0.830329754601227,
        "val_loss": 0.3228609263896942,
        "val_accuracy": 0.875,
        "val_precision": 0.8,
        "val_recall": 1.0,
        "val_f1": 0.8888888888888888,
        "val_auc_roc": 1.0,
        "learning_rate": 0.001
      },
      {
        "epoch": 2.0,
        "phase_index": 2.0,
        "train_loss": 0.08969243938400427,
        "train_accuracy": 0.9541794478527608,
        "val_loss": 0.10666827112436295,
        "val_accuracy": 1.0,
        "val_precision": 1.0,
        "val_recall": 1.0,
        "val_f1": 1.0,
        "val_auc_roc": 1.0,
        "learning_rate": 0.0001
      }
    ]
  },
  "test_metrics": {
    "loss": 0.6112632545379874,
    "accuracy": 0.844551282051282,
    "precision": 0.8020618556701031,
    "recall": 0.9974358974358974,
    "f1": 0.8891428571428571,
    "auc_roc": 0.9500000000000001
  },
  "training_duration_seconds": 300.809,
  "model_config": {
    "name": "densenet121",
    "num_classes": 2,
    "pretrained": true
  },
  "device_used": "cpu",
  "timestamp": "2026-03-27T14:56:37.265235+00:00"
}