{
  "per_epoch_history": {
    "epochs": [
      {
        "epoch": 1.0,
        "phase_index": 1.0,
        "train_loss": 0.2627050262058805,
        "train_accuracy": 0.830329754601227,
        "val_loss": 0.3228609263896942,
        "val_accuracy": 0.875,
        "val_precision": 0.8,
        "val_recall": 1.0,
        "val_f1": 0.8888888888888888,
        "val_auc_roc": 1.0,
        "test_loss": 0.42409881949424744,
        "test_accuracy": 0.8221153846153846,
        "test_precision": 0.7876288659793814,
        "test_recall": 0.9794871794871794,
        "test_f1": 0.8731428571428571,
        "test_auc_roc": 0.9280188472496165,
        "learning_rate": 0.001
      },
      {
        "epoch": 2.0,
        "phase_index": 1.0,
        "train_loss": 0.19004537946790273,
        "train_accuracy": 0.902032208588957,
        "val_loss": 0.2029535323381424,
        "val_accuracy": 0.75,
        "val_precision": 1.0,
        "val_recall": 0.5,
        "val_f1": 0.6666666666666666,
        "val_auc_roc": 1.0,
        "test_loss": 0.36276619117229414,
        "test_accuracy": 0.8333333333333334,
        "test_precision": 0.9109195402298851,
        "test_recall": 0.8128205128205128,
        "test_f1": 0.8590785907859079,
        "test_auc_roc": 0.9282380013149244,
        "learning_rate": 0.001
      },
      {
        "epoch": 3.0,
        "phase_index": 1.0,
        "train_loss": 0.16223095895642517,
        "train_accuracy": 0.9141104294478528,
        "val_loss": 0.16086052358150482,
        "val_accuracy": 0.9375,
        "val_precision": 1.0,
        "val_recall": 0.875,
        "val_f1": 0.9333333333333333,
        "val_auc_roc": 1.0,
        "test_loss": 0.3430980577682837,
        "test_accuracy": 0.8461538461538461,
        "test_precision": 0.8693467336683417,
        "test_recall": 0.8871794871794871,
        "test_f1": 0.8781725888324873,
        "test_auc_roc": 0.9244356782818322,
        "learning_rate": 0.001
      },
      {
        "epoch": 4.0,
        "phase_index": 1.0,
        "train_loss": 0.16752599720254632,
        "train_accuracy": 0.9100843558282209,
        "val_loss": 0.15731775760650635,
        "val_accuracy": 0.875,
        "val_precision": 1.0,
        "val_recall": 0.75,
        "val_f1": 0.8571428571428571,
        "val_auc_roc": 1.0,
        "test_loss": 0.34338653966402394,
        "test_accuracy": 0.8509615384615384,
        "test_precision": 0.8938992042440318,
        "test_recall": 0.8641025641025641,
        "test_f1": 0.878748370273794,
        "test_auc_roc": 0.926758711374096,
        "learning_rate": 0.001
      },
      {
        "epoch": 5.0,
        "phase_index": 1.0,
        "train_loss": 0.15693392932552136,
        "train_accuracy": 0.9167944785276073,
        "val_loss": 0.14025087654590607,
        "val_accuracy": 0.875,
        "val_precision": 1.0,
        "val_recall": 0.75,
        "val_f1": 0.8571428571428571,
        "val_auc_roc": 1.0,
        "test_loss": 0.341704612550063,
        "test_accuracy": 0.8589743589743589,
        "test_precision": 0.8891752577319587,
        "test_recall": 0.8846153846153846,
        "test_f1": 0.8868894601542416,
        "test_auc_roc": 0.9263751917598072,
        "learning_rate": 0.001
      },
      {
        "epoch": 6.0,
        "phase_index": 1.0,
        "train_loss": 0.14769583285152,
        "train_accuracy": 0.9177530674846626,
        "val_loss": 0.1513691544532776,
        "val_accuracy": 0.9375,
        "val_precision": 1.0,
        "val_recall": 0.875,
        "val_f1": 0.9333333333333333,
        "val_auc_roc": 1.0,
        "test_loss": 0.35130876818528545,
        "test_accuracy": 0.8557692307692307,
        "test_precision": 0.8440366972477065,
        "test_recall": 0.9435897435897436,
        "test_f1": 0.8910411622276029,
        "test_auc_roc": 0.9270326539557309,
        "learning_rate": 0.001
      },
      {
        "epoch": 7.0,
        "phase_index": 1.0,
        "train_loss": 0.15072075524395961,
        "train_accuracy": 0.9212039877300614,
        "val_loss": 0.15272097289562225,
        "val_accuracy": 1.0,
        "val_precision": 1.0,
        "val_recall": 1.0,
        "val_f1": 1.0,
        "val_auc_roc": 1.0,
        "test_loss": 0.4255016250297045,
        "test_accuracy": 0.8397435897435898,
        "test_precision": 0.8152173913043478,
        "test_recall": 0.9615384615384616,
        "test_f1": 0.8823529411764706,
        "test_auc_roc": 0.9241946088099935,
        "learning_rate": 0.001
      },
      {
        "epoch": 8.0,
        "phase_index": 1.0,
        "train_loss": 0.1421131725862988,
        "train_accuracy": 0.9261886503067485,
        "val_loss": 0.1339665800333023,
        "val_accuracy": 0.875,
        "val_precision": 1.0,
        "val_recall": 0.75,
        "val_f1": 0.8571428571428571,
        "val_auc_roc": 1.0,
        "test_loss": 0.34031390035763764,
        "test_accuracy": 0.8525641025641025,
        "test_precision": 0.8599033816425121,
        "test_recall": 0.9128205128205128,
        "test_f1": 0.8855721393034826,
        "test_auc_roc": 0.9245233399079553,
        "learning_rate": 0.001
      },
      {
        "epoch": 9.0,
        "phase_index": 1.0,
        "train_loss": 0.1510290051896148,
        "train_accuracy": 0.9198619631901841,
        "val_loss": 0.1403171569108963,
        "val_accuracy": 0.9375,
        "val_precision": 1.0,
        "val_recall": 0.875,
        "val_f1": 0.9333333333333333,
        "val_auc_roc": 1.0,
        "test_loss": 0.3708381270750975,
        "test_accuracy": 0.8509615384615384,
        "test_precision": 0.8527315914489311,
        "test_recall": 0.9205128205128205,
        "test_f1": 0.8853267570900123,
        "test_auc_roc": 0.9169625246548323,
        "learning_rate": 0.001
      },
      {
        "epoch": 10.0,
        "phase_index": 1.0,
        "train_loss": 0.14564725019586233,
        "train_accuracy": 0.9215874233128835,
        "val_loss": 0.098451167345047,
        "val_accuracy": 1.0,
        "val_precision": 1.0,
        "val_recall": 1.0,
        "val_f1": 1.0,
        "val_auc_roc": 1.0,
        "test_loss": 0.4053454293081394,
        "test_accuracy": 0.8461538461538461,
        "test_precision": 0.8371559633027523,
        "test_recall": 0.9358974358974359,
        "test_f1": 0.8837772397094431,
        "test_auc_roc": 0.918781503396888,
        "learning_rate": 0.0005
      },
      {
        "epoch": 11.0,
        "phase_index": 2.0,
        "train_loss": 0.10751874531773518,
        "train_accuracy": 0.9516871165644172,
        "val_loss": 0.14537890255451202,
        "val_accuracy": 0.9375,
        "val_precision": 0.8888888888888888,
        "val_recall": 1.0,
        "val_f1": 0.9411764705882353,
        "val_auc_roc": 1.0,
        "test_loss": 0.47658025990359676,
        "test_accuracy": 0.8589743589743589,
        "test_precision": 0.8212765957446808,
        "test_recall": 0.9897435897435898,
        "test_f1": 0.8976744186046511,
        "test_auc_roc": 0.9435787858864781,
        "learning_rate": 0.0001
      },
      {
        "epoch": 12.0,
        "phase_index": 2.0,
        "train_loss": 0.04971760761155604,
        "train_accuracy": 0.973542944785276,
        "val_loss": 0.03065212070941925,
        "val_accuracy": 1.0,
        "val_precision": 1.0,
        "val_recall": 1.0,
        "val_f1": 1.0,
        "val_auc_roc": 1.0,
        "test_loss": 0.5371169449096599,
        "test_accuracy": 0.8782051282051282,
        "test_precision": 0.8398268398268398,
        "test_recall": 0.9948717948717949,
        "test_f1": 0.9107981220657277,
        "test_auc_roc": 0.9682390970852509,
        "learning_rate": 0.0001
      },
      {
        "epoch": 13.0,
        "phase_index": 2.0,
        "train_loss": 0.046965321860893236,
        "train_accuracy": 0.977569018404908,
        "val_loss": 0.0887359008193016,
        "val_accuracy": 1.0,
        "val_precision": 1.0,
        "val_recall": 1.0,
        "val_f1": 1.0,