{
  "logistic_regression": {
    "model_name": "logistic_regression",
    "accuracy": 0.9711913205294758,
    "precision": 0.051714119697850086,
    "recall": 0.9081632653061225,
    "f1": 0.09785596481583288,
    "roc_auc": 0.974520301930564,
    "pr_auc": 0.7578469710562797,
    "confusion_matrix": [
      [
        55232,
        1632
      ],
      [
        9,
        89
      ]
    ],
    "cv_roc_auc_mean": 0.9910503426944753,
    "cv_roc_auc_std": 0.00015923310637315605,
    "cv_pr_auc_mean": 0.991996825926622,
    "cv_pr_auc_std": 0.00014070795474752394,
    "cv_f1_mean": 0.9459702349575261,
    "cv_f1_std": 0.0005024436159753051
  },
  "random_forest": {
    "model_name": "random_forest",
    "accuracy": 0.9977879990168884,
    "precision": 0.43,
    "recall": 0.8775510204081632,
    "f1": 0.5771812080536913,
    "roc_auc": 0.981661221044411,
    "pr_auc": 0.8247288622555864,
    "confusion_matrix": [
      [
        56750,
        114
      ],
      [
        12,
        86
      ]
    ],
    "cv_roc_auc_mean": 0.9997235291066587,
    "cv_roc_auc_std": 4.145432837834218e-06,
    "cv_pr_auc_mean": 0.9997144192191658,
    "cv_pr_auc_std": 9.089463633366317e-06,
    "cv_f1_mean": 0.9892528316811715,
    "cv_f1_std": 0.0003044272806762678
  },
  "xgboost": {
    "model_name": "xgboost",
    "accuracy": 0.9992626663389628,
    "precision": 0.7592592592592593,
    "recall": 0.8367346938775511,
    "f1": 0.7961165048543689,
    "roc_auc": 0.9804490556774201,
    "pr_auc": 0.8576107598215138,
    "confusion_matrix": [
      [
        56838,
        26
      ],
      [
        16,
        82
      ]
    ],
    "cv_roc_auc_mean": 0.9749384180675268,
    "cv_roc_auc_std": 0.012052945408300457,
    "cv_pr_auc_mean": 0.827252524380456,
    "cv_pr_auc_std": 0.025795136760391718,
    "cv_f1_mean": 0.8065592581122225,
    "cv_f1_std": 0.015113440727422607
  },
  "lightgbm": {
    "model_name": "lightgbm",
    "accuracy": 0.9992451107756047,
    "precision": 0.7391304347826086,
    "recall": 0.8673469387755102,
    "f1": 0.7981220657276995,
    "roc_auc": 0.9793827808275815,
    "pr_auc": 0.8795051832495727,
    "confusion_matrix": [
      [
        56834,
        30
      ],
      [
        13,
        85
      ]
    ],
    "cv_roc_auc_mean": 0.9684259878908079,
    "cv_roc_auc_std": 0.01788889239140317,
    "cv_pr_auc_mean": 0.82295137350831,
    "cv_pr_auc_std": 0.02403388769459644,
    "cv_f1_mean": 0.8022835365342577,
    "cv_f1_std": 0.019079299742354804
  }
}